{
  "baseline": {
    "mae": 2488517.00869566,
    "mse": 73956766378049.38,
    "rmse": 8599811.996668844,
    "mape": 2.5987295195657163,
    "skill_score": -0.09822761735869423,
    "trend": -22634.852173912783,
    "moving_average": 127378602.66666667
  },
  "prophet": {
    "mae": 25083119.565710843,
    "mse": 897437047937206.1,
    "rmse": 29957253.67815291,
    "mape": 21.12597437579704,
    "coverage": 46.875,
    "train_size": 124,
    "test_size": 32
  },
  "anomaly_detector": {
    "threshold": 3036349.907240317,
    "n_anomalies_detected": 1,
    "anomaly_rate": 0.006944444444444444,
    "mean_score": 105672.95555555593,
    "max_score": 14112089.599999994,
    "std_score": 1172270.7806739046
  }
}