{
  "baseline": {
    "mae": 14560064.853333343,
    "mse": 383401864556009.0,
    "rmse": 19580650.258763343,
    "mape": 14.583917480605058,
    "skill_score": 0.0007987718122085541,
    "trend": -443.73333333432674,
    "moving_average": 126751880.53333335
  },
  "prophet": {
    "mae": 24569025.65197854,
    "mse": 657524922250353.4,
    "rmse": 25642248.775221594,
    "mape": 24.620493778088726,
    "coverage": 0.0,
    "train_size": 9,
    "test_size": 3
  }
}