{
  "baseline": {
    "mae": 15706214.400000008,
    "mse": 396092111381002.06,
    "rmse": 19902062.993092,
    "mape": 15.545867819561773,
    "skill_score": 0.0007546301172328684,
    "trend": -443.73333333432674,
    "moving_average": 126751880.53333335
  },
  "prophet": {
    "mae": 80598647.64068058,
    "mse": 9263868140867966.0,
    "rmse": 96248990.33687557,
    "mape": 79.07616064706234,
    "coverage": 0.0,
    "train_size": 10,
    "test_size": 3
  }
}