{
  "baseline": {
    "mae": 18131.626666671036,
    "mse": 612750531.6979156,
    "rmse": 24753.798328699286,
    "mape": 0.014307128334118438,
    "skill_score": 0.2052663076001101,
    "trend": -2457.60000000149,
    "moving_average": 126773521.06666668
  },
  "prophet": {
    "mae": 70451.70295245449,
    "mse": 7388559416.614124,
    "rmse": 85956.72990879844,
    "mape": 0.05558484160119306,
    "coverage": 100.0,
    "train_size": 9,
    "test_size": 3
  }
}