{
  "baseline": {
    "mae": 11.598049109299499,
    "mse": 211.4340820171481,
    "rmse": 14.540773088702956,
    "mape": 15.555306141373828,
    "skill_score": 0.5593918119500788,
    "trend": -0.9252638335442789,
    "moving_average": 100.42312632365804
  },
  "prophet": {
    "mae": 25.725175996247415,
    "mse": 928.1650463856184,
    "rmse": 30.4658012595372,
    "mape": 38.54344533275298,
    "coverage": 39.6551724137931,
    "train_size": 230,
    "test_size": 58
  },
  "anomaly_detector": {
    "threshold": 6.636598380693637,
    "n_anomalies_detected": 7,
    "anomaly_rate": 0.025362318840579712,
    "mean_score": 0.8419464170818778,
    "max_score": 22.205605011980055,
    "std_score": 2.3178607854447035
  }
}