{
  "baseline": {
    "mae": 9.192041401348847,
    "mse": 136.45642701229272,
    "rmse": 11.681456544981568,
    "mape": 6.814575839534543,
    "skill_score": 0.6609919008651469,
    "trend": 1.074863173714999,
    "moving_average": 98.8997150478089
  },
  "prophet": {
    "mae": 41.06952890670146,
    "mse": 2344.894103506587,
    "rmse": 48.424106636122744,
    "mape": 28.34003912532623,
    "coverage": 29.310344827586203,
    "train_size": 230,
    "test_size": 58
  },
  "anomaly_detector": {
    "threshold": 6.460201914021237,
    "n_anomalies_detected": 11,
    "anomaly_rate": 0.03985507246376811,
    "mean_score": 0.8593373030050445,
    "max_score": 14.722174658673964,
    "std_score": 2.240345844406477
  }
}